Nom,Marque,Prix,Lien,Description,Avis,Nombre d'avis,Couleurs Disponibles,Disponibilité,Image
T-shirt Fitness Homme - 100 Sportee Noir,DOMYOS,4.99,https://www.decathlon.fr/p/t-shirt-fitness-homme-100-sportee-blanc/_/R-p-303213?mc=8572641&c=noir,"Ce t-shirt est le basique parfait. Simple et efficace, il trouve sa place dans votre dressing.",4.5,15276,"noir ultra, gris fonte, blanc ultra",S: En stock | M: En stock | L: En stock | XL: En stock | 2XL: En stock | 3XL: En stock,https://sdk.privacy-center.org/sdk/97747f45a7b03994b051f5ddaca9abd6be6330be/modern/images/6aec35fa915164598d64-privacy-management-didomi.png
T-Shirt Fitness Homme - 500 Essentials violet néon,DOMYOS,2,https://www.decathlon.fr/p/t-shirt-fitness-homme-500-essentials-rose/_/R-p-332540?mc=8773506&c=violet,"Ce t-shirt de fitness homme à manches courtes,190 g/m² est intemporel, vous allez le porter longtemps.",4.7,6075,"violet lavande, vert menthe pastel, violet brumeux, orange kumquat / -",Non disponible,https://sdk.privacy-center.org/sdk/97747f45a7b03994b051f5ddaca9abd6be6330be/modern/images/6aec35fa915164598d64-privacy-management-didomi.png
T-SHIRT DE FITNESS SOFT TRAINING ADIDAS HOMME NOIR,ADIDAS,29.99,https://www.decathlon.fr/p/t-shirt-de-fitness-soft-training-adidas-homme-noir/_/R-p-X8877737?mc=8877737,Conçu pour t'accompagner tout au long de la journée.,4.9,73,Non disponible,S: En stock | M: En stock | L: En stock | XL: En stock | 2XL: En stock | 3XL: En stock,https://sdk.privacy-center.org/sdk/97747f45a7b03994b051f5ddaca9abd6be6330be/modern/images/6aec35fa915164598d64-privacy-management-didomi.png
T-shirt de padel manches courtes technique homme - kuikma 900 Bleu clair,KUIKMA,21.99,https://www.decathlon.fr/p/t-shirt-de-padel-manches-courtes-technique-homme-kuikma-900-bleu-noir/_/R-p-312326?mc=8883393&c=bleu,Le t-shirt technique Kiukma 900 vous offrira une grande liberté de mouvement et confort. N'hésitez pas et habillez-vous comme un pro pour aller sur le terrain.,4.7,137,"bleu glacier / bleu délicat, gris asphalte / noir fumé, bleu cendré / noir fumé, violet hortensia",S: En stock | M: En stock | L: En stock | 2XL: En stock,https://sdk.privacy-center.org/sdk/97747f45a7b03994b051f5ddaca9abd6be6330be/modern/images/6aec35fa915164598d64-privacy-management-didomi.png
T-shirt de trek voyage manches courtes laine mérinos Homme - TRAVEL 500 gris,FORCLAZ,24.99,https://www.decathlon.fr/p/t-shirt-de-trek-voyage-manches-courtes-laine-merinos-homme-travel-500-bleu/_/R-p-106265?mc=8789726&c=gris,Un T-shirt composé de laine mérinos pour vous permettre de parcourir le monde à pied en toute sérénité pendant plusieurs semaines.,4.6,2440,"gris comète, jaune ocre / -, bleu abysse, blanc coton",S: En stock | M: En stock | L: En stock | XL: En stock | 2XL: En stock,https://sdk.privacy-center.org/sdk/97747f45a7b03994b051f5ddaca9abd6be6330be/modern/images/6aec35fa915164598d64-privacy-management-didomi.png
"T-shirt en coton homme, beige",ADIDAS,29.99,https://www.decathlon.fr/p/t-shirt-de-fitness-homme-rouge/_/R-p-365713?mc=8945920,"Pensé pour un usage polyvalent, alliant confort et liberté de mouvement en toutes occasions.",5.0,3,Non disponible,S: En stock | M: En stock | L: En stock | XL: En stock | 2XL: En stock | 3XL: En stock,https://sdk.privacy-center.org/sdk/97747f45a7b03994b051f5ddaca9abd6be6330be/modern/images/6aec35fa915164598d64-privacy-management-didomi.png
"T-shirt en coton à manches courtes homme, beige",PUMA,14.99,https://www.decathlon.fr/p/t-shirt-en-coton-a-manches-courtes-homme-blanc/_/R-p-366034?mc=8944774,"T-shirt en coton doux, parfait pour le sport ou les moments décontractés. Sa coupe vous assure un confort quotidien.",5.0,4,Non disponible,S: En stock | M: En stock | L: En stock | XL: En stock | 2XL: En stock,https://sdk.privacy-center.org/sdk/97747f45a7b03994b051f5ddaca9abd6be6330be/modern/images/6aec35fa915164598d64-privacy-management-didomi.png
T-shirt 100% laine mérinos manche longue - mt500 - homme,FORCLAZ,54.99,https://www.decathlon.fr/p/t-shirt-100percent-laine-merinos-manche-longue-mt500-homme/_/R-p-11829?mc=8670229&c=noir,"Notre équipe, passionnée de trekking en montagne, a développé ce T-shirt mérinos pour vous permettre de trekker sans vous soucier des odeurs de transpiration.",4.5,365,"noir ultra, bleu abysse",S: En stock | M: En stock | L: En stock | XL: En stock | 2XL: En stock,https://sdk.privacy-center.org/sdk/97747f45a7b03994b051f5ddaca9abd6be6330be/modern/images/6aec35fa915164598d64-privacy-management-didomi.png
T-SHIRT DE FITNESS CARDIO ADIDAS HOMME BLEU,ADIDAS,19.99,https://www.decathlon.fr/p/t-shirt-de-fitness-cardio-adidas-homme-bleu/_/R-p-X8809210?mc=8809210,Conçu pour la pratique sportive régulière.,4.7,287,Non disponible,S: En stock | M: En stock | L: En stock | XL: En stock | 2XL: En stock,https://sdk.privacy-center.org/sdk/97747f45a7b03994b051f5ddaca9abd6be6330be/modern/images/6aec35fa915164598d64-privacy-management-didomi.png
T-SHIRT DE RUNNING 500 CONFORT SLIM noir fumé,KIPRUN,19.99,https://www.decathlon.fr/p/t-shirt-de-running-500-confort-slim-blanc/_/R-p-355949?mc=8930736&c=noir_gris,"À la recherche d'une seconde peau ? Ce t-shirt de running se fera oublier grâce à sa légèreté, son fitting proche du corps et l'absence de coutures latérales !",4.6,9,"noir fumé / gris graphite, blanc ultra / gris argent",S: En stock | M: En stock | L: En stock | XL: En stock | 2XL: En stock,https://sdk.privacy-center.org/sdk/97747f45a7b03994b051f5ddaca9abd6be6330be/modern/images/6aec35fa915164598d64-privacy-management-didomi.png
"Tee-shirt de compression col rond homme, turquoise",DOMYOS,9,https://www.decathlon.fr/p/t-shirt-musculation-compression-manches-courtes-respirant-col-rond-homme-noir/_/R-p-311458?mc=8874351&c=bleu_vert,Nos concepteurs passionnés de musculation ont conçu ce Tee shirt compression pour vous permettre d'être à l'aise dans tous vos mouvements.,4.7,1325,"vert canard / bleu cendré, rose cendré / rose granit, violet magenta, noir fumé / vert kaki",S: Rupture | M: Rupture | L: Rupture | XL: En stock | 2XL: Rupture,https://sdk.privacy-center.org/sdk/97747f45a7b03994b051f5ddaca9abd6be6330be/modern/images/6aec35fa915164598d64-privacy-management-didomi.png
"T-shirt manches courtes 100 % laine mérinos homme, Merino 100% noir",SIMOND,39.99,https://www.decathlon.fr/p/t-shirt-manches-courtes-100-percent-laine-merinos-homme-merino-100percent-kaki/_/R-p-349694?mc=8852627&c=noir,"Composé à 100 % de laine mérinos, ce t-shirt limite l’apparition des odeurs (testé en laboratoire selon l'ISO 17299-3).",4.3,3,"noir ultra, vert kaki bronze",S: En stock | M: En stock | L: En stock | XL: En stock | 2XL: En stock,https://sdk.privacy-center.org/sdk/97747f45a7b03994b051f5ddaca9abd6be6330be/modern/images/6aec35fa915164598d64-privacy-management-didomi.png
T-SHIRT DE FITNESS CARDIO ADIDAS HOMME NOIR,ADIDAS,19.99,https://www.decathlon.fr/p/t-shirt-de-fitness-cardio-adidas-homme-noir/_/R-p-X8875694?mc=8875694&c=noir,Conçu pour la pratique sportive régulière.,4.8,83,Non disponible,S: En stock | M: En stock | L: En stock | XL: En stock | 2XL: En stock,https://sdk.privacy-center.org/sdk/97747f45a7b03994b051f5ddaca9abd6be6330be/modern/images/6aec35fa915164598d64-privacy-management-didomi.png
"T-shirt de fitness en coton pour homme, vert",ADIDAS,24.99,https://www.decathlon.fr/p/t-shirt-de-fitness-en-coton-pour-homme-bleu/_/R-p-366101?mc=8944797,"Conçu pour le confort tout au long de la journée, au sport comme au repos.",Non disponible,Non disponible,Non disponible,S: En stock | M: En stock | L: En stock | XL: En stock | 2XL: En stock | 3XL: En stock,https://sdk.privacy-center.org/sdk/97747f45a7b03994b051f5ddaca9abd6be6330be/modern/images/6aec35fa915164598d64-privacy-management-didomi.png
T-shirt de running manches longues slim Homme - KIPRUN Run 500 Sans couture Bleu,KIPRUN,16,https://www.decathlon.fr/p/t-shirt-de-running-manches-longues-slim-homme-kiprun-run-500-sans-couture-gris/_/R-p-307913?mc=8642374&c=bleu,Nos équipes de conception ont développé ce tee shirt manches longues de running hiver homme respirant et proche du corps pour vos sorties course à pied,4.8,1918,"bleu / bleu acier, orange flamme / rouge flamme, jaune acide fluo / blanc ultra, gris carbone / gris asphalte",Non disponible,https://sdk.privacy-center.org/sdk/97747f45a7b03994b051f5ddaca9abd6be6330be/modern/images/6aec35fa915164598d64-privacy-management-didomi.png
T-SHIRT RESISTANT 100 VERT,SOLOGNAC,9.99,https://www.decathlon.fr/p/t-shirt-resistant-100-gris/_/R-p-338195?mc=8734911&c=vert,"Conçu pour toutes les activités rurales : chasse, pêche, observation animale, entretien du territoire.",4.7,779,"vert armé, marron ébène, gris carbone",S: En stock | M: En stock | L: En stock | XL: En stock | 2XL: En stock | 3XL: En stock | 4XL: En stock,https://sdk.privacy-center.org/sdk/97747f45a7b03994b051f5ddaca9abd6be6330be/modern/images/6aec35fa915164598d64-privacy-management-didomi.png
tee shirt anti uv surf top 100 manches longues homme gris,OLAIAN,11.99,https://www.decathlon.fr/p/tee-shirt-anti-uv-surf-top-100-manches-longues-homme-blanc/_/R-p-170216?mc=8611954&c=bleu,"Notre équipe de concepteurs a développé un tee-shirt anti UV particulièrement adapté à la pratique du surf en eau chaude, pour des sessions de moins d'une heure",4.6,1162,"bleu ouragan, blanc ultra",XS: En stock | S: En stock | M: En stock | L: En stock | XL: En stock | 2XL: En stock | 3XL: Rupture,https://sdk.privacy-center.org/sdk/97747f45a7b03994b051f5ddaca9abd6be6330be/modern/images/6aec35fa915164598d64-privacy-management-didomi.png
"T-shirt de yoga manches courtes doux homme, bleu acier",KIMJALY,8,https://www.decathlon.fr/p/t-shirt-de-yoga-manches-courtes-doux-homme-noir-graphite/_/R-p-326999?mc=8678466&c=bleu,"T-shirt très léger en matière naturelle. Doux, extensible et plus long qu'un T-shirt classique, vous l'oublierez pendant vos séances de yoga ou méditation.",4.2,114,"bleu acier, noir graphite, marron sépia, beige lin",S: En stock | M: Rupture | L: Rupture | XL: Rupture | 2XL: Rupture,https://sdk.privacy-center.org/sdk/97747f45a7b03994b051f5ddaca9abd6be6330be/modern/images/6aec35fa915164598d64-privacy-management-didomi.png
WATER TEE SHIRT top anti UV surf Manches Courtes Homme Noir,OLAIAN,7.99,https://www.decathlon.fr/p/water-tee-shirt-top-anti-uv-surf-manches-courtes-homme-blanc/_/R-p-342022?mc=8787286&c=noir,"Notre équipe de concepteurs a développé un tee-shirt anti UV particulièrement adapté à la pratique du surf en eau chaude, pour des sessions de moins d'une heure",4.7,690,"noir fumé, non teint",XS: En stock | S: En stock | M: En stock | L: En stock | XL: En stock | 2XL: En stock | 3XL: En stock,https://sdk.privacy-center.org/sdk/97747f45a7b03994b051f5ddaca9abd6be6330be/modern/images/6aec35fa915164598d64-privacy-management-didomi.png
"T-shirt manches courtes en laine mérinos homme, Merino Resist marron",SIMOND,34.99,https://www.decathlon.fr/p/t-shirt-manches-courtes-en-laine-merinos-homme-merino-resist-gris/_/R-p-356413?mc=8902056&c=marron,"Résistant, ce t-shirt manches courtes en laine mérinos et polyamide limite l’apparition des odeurs (testé en laboratoire selon l'ISO 17299-3).",5.0,6,"marron cuivré / marron terracotta, vert kaki bronze / vert bronze, gris graphite",S: En stock | M: En stock | L: En stock | XL: En stock | 2XL: En stock,https://sdk.privacy-center.org/sdk/97747f45a7b03994b051f5ddaca9abd6be6330be/modern/images/6aec35fa915164598d64-privacy-management-didomi.png
T-SHIRT / MAILLOT BASKETBALL HOMME/FEMME - TS500 FAST GRIS,TARMAK,6,https://www.decathlon.fr/p/t-shirt-maillot-basketball-ts500-fast-black/_/R-p-5604?mc=8669553&c=incolore_gris,Nos concepteurs basketteurs ont développé ce T-shirt pour la pratique du Basketball à l'entraînement et en extérieur sur playground.,4.8,2087,"gris tempête / -, gris tempête, blanc ultra / -, vert forêt / blanc",XS: En stock | S: En stock | M: En stock | L: Rupture | XL: En stock | 2XL: Rupture | 3XL: Rupture | 4XL: Rupture,https://sdk.privacy-center.org/sdk/97747f45a7b03994b051f5ddaca9abd6be6330be/modern/images/6aec35fa915164598d64-privacy-management-didomi.png
T-shirt de running sans couture homme - kiprun run 500 confort noir,KIPRUN,19.99,https://www.decathlon.fr/p/t-shirt-de-running-sans-couture-homme-kiprun-run-500-confort-vert-acide/_/R-p-340992?mc=8861685&c=noir_gris,"Ce t-shirt Seamless (sans couture), doux et aéré sera parfait pour les sorties printanières et estivales.",4.7,608,"noir fumé / gris graphite, vert délicat / vert givré, bleu indigo / bleu acier, jaune acide fluo / jaune pastel fluo",S: En stock | M: En stock | L: En stock | XL: En stock | 2XL: En stock,https://sdk.privacy-center.org/sdk/97747f45a7b03994b051f5ddaca9abd6be6330be/modern/images/6aec35fa915164598d64-privacy-management-didomi.png
Tee-shirt de pêche Anti-UV 500 Capuche UPF 50+ Vert,CAPERLAN,19.99,https://www.decathlon.fr/p/tee-shirt-de-peche-anti-uv-500-capuche-bleu/_/R-p-329166?mc=8872844&c=vert,Nos concepteurs pêcheurs ont développé ce tee-shirt avec capuche pour vous permettre de pêcher par temps ensoleillé complètement protégé.,4.8,295,"vert sauge, gris lunaire, bleu ouragan",S: En stock | M: En stock | L: Rupture | XL: En stock | 2XL: En stock,https://sdk.privacy-center.org/sdk/97747f45a7b03994b051f5ddaca9abd6be6330be/modern/images/6aec35fa915164598d64-privacy-management-didomi.png
T-shirt de running manches longues Homme - KIPRUN Run 500 Sans couture Jaune,KIPRUN,24.99,https://www.decathlon.fr/p/t-shirt-de-running-manches-longues-homme-kiprun-run-500-sans-couture-noir/_/R-p-325868?mc=8642372&c=jaune,Nos équipes de conception ont développé ce tee shirt manches longues de running hiver homme respirant pour vos sorties course à pied par temps frais.,4.8,1818,"jaune acide fluo / jaune pastel fluo, bleu universel / bleu marine, noir fumé / gris graphite, violet bordeaux / violet bordeaux",S: Rupture | M: En stock | L: En stock | XL: En stock | 2XL: En stock,https://sdk.privacy-center.org/sdk/97747f45a7b03994b051f5ddaca9abd6be6330be/modern/images/6aec35fa915164598d64-privacy-management-didomi.png
T-shirt laine mérinos de trek voyage - TRAVEL 500 manches longues kaki homme,FORCLAZ,23.99,https://www.decathlon.fr/p/t-shirt-laine-merinos-de-trek-voyage-travel-500-manches-longues-bleu-homme/_/R-p-4523?mc=8504629&c=gris,Nos concepteurs backpackers ont conçu ce tee-shirt pour vous permettre de parcourir le monde en toute sérénité et dans tous les environnements.,4.7,709,"gris kaki, bleu abysse",S: En stock | M: En stock | L: Rupture | XL: Rupture | 2XL: En stock,https://sdk.privacy-center.org/sdk/97747f45a7b03994b051f5ddaca9abd6be6330be/modern/images/6aec35fa915164598d64-privacy-management-didomi.png
tee shirt de surf manches longues UPF50+ homme - flower blanc,OLAIAN,11.99,https://www.decathlon.fr/p/tee-shirt-de-surf-manches-longues-upf50-homme-flower-blanc/_/R-p-365654?mc=8943136&c=blanc,"Ce tee-shirt anti UV est particulièrement adapté à la pratique du surf en eau chaude, pour des sessions de moins d'une heure",Non disponible,Non disponible,Non disponible,S: En stock | M: En stock | L: En stock | XL: En stock | 2XL: En stock | 3XL: En stock,https://sdk.privacy-center.org/sdk/97747f45a7b03994b051f5ddaca9abd6be6330be/modern/images/6aec35fa915164598d64-privacy-management-didomi.png
T-shirt manches longues de trekking en laine mérinos - MT900 -Homme,FORCLAZ,69.99,https://www.decathlon.fr/p/t-shirt-manches-longues-de-trekking-en-laine-merinos-mt900-homme/_/R-p-324215?mc=8883017&c=vert,"Notre équipe, passionnée de trekking en montagne, a développé ce T-shirt parfaitement adapté à un usage par temps froid grâce à l'utilisation de laine mérinos !",4.7,791,"vert olive doré, bleu noir / bleu acier, jaune argile / jaune miel",S: En stock | M: En stock | L: En stock | XL: En stock | 2XL: En stock,https://sdk.privacy-center.org/sdk/97747f45a7b03994b051f5ddaca9abd6be6330be/modern/images/6aec35fa915164598d64-privacy-management-didomi.png
WATER TEE SHIRT top anti UV surf Manches Longues Homme Blue,OLAIAN,9.99,https://www.decathlon.fr/p/water-tee-shirt-top-anti-uv-surf-manches-longues-homme-blue/_/R-p-341224?mc=8787799&c=bleu,"Notre équipe de concepteurs a développé un tee-shirt anti UV particulièrement adapté à la pratique du surf en eau chaude, pour des sessions de moins d'une heure",4.7,269,Non disponible,XS: En stock | S: En stock | M: En stock | L: En stock | XL: En stock | 2XL: En stock | 3XL: En stock,https://sdk.privacy-center.org/sdk/97747f45a7b03994b051f5ddaca9abd6be6330be/modern/images/6aec35fa915164598d64-privacy-management-didomi.png
"T-shirt d'escalade résistant homme, Vertika bleu",SIMOND,12.99,https://www.decathlon.fr/p/t-shirt-d-escalade-resistant-homme-vertika-vert/_/R-p-355791?mc=8891220&c=bleu,Ce t-shirt d'escalade homme vous offre une grande liberté de mouvement sur la paroi. L'alliance entre confort et style.,Non disponible,Non disponible,"bleu ouragan, vert mélèze",S: En stock | M: En stock | L: En stock | XL: En stock | 2XL: En stock,https://sdk.privacy-center.org/sdk/97747f45a7b03994b051f5ddaca9abd6be6330be/modern/images/6aec35fa915164598d64-privacy-management-didomi.png
T-shirt de running longue distance Homme - KIPRUN Run 900 Ultra Vert foncé grisé,KIPRUN,12.99,https://www.decathlon.fr/p/t-shirt-de-running-longue-distance-homme-kiprun-run-900-ultra-blanc-gris/_/R-p-335727?mc=8826328&c=vert,"Ce t-shirt de trail running est l'allié de vos courses allant de 10 à 170 km ! Ultra léger et respirant, il se fait particulièrement apprécier par temps chaud.",4.8,151,"vert fumé, blanc coton / gris granit, bleu méditerranée",M: Rupture | L: Rupture | XL: En stock | 2XL: En stock,https://sdk.privacy-center.org/sdk/97747f45a7b03994b051f5ddaca9abd6be6330be/modern/images/6aec35fa915164598d64-privacy-management-didomi.png
"T-shirt de fitness pour homme UA Tech™ 2.0, noir",UNDER ARMOUR,29.99,https://www.decathlon.fr/p/t-shirt-de-fitness-pour-homme-ua-tech-2-0-noir/_/R-p-X8947074?mc=8947074,"Conçu pour allier confort et performance, grâce à une matière UA Tech™ légère et à séchage rapide, parfaite pour le fitness",Non disponible,Non disponible,Non disponible,S: En stock | M: En stock | L: En stock | XL: En stock | 2XL: En stock,https://sdk.privacy-center.org/sdk/97747f45a7b03994b051f5ddaca9abd6be6330be/modern/images/6aec35fa915164598d64-privacy-management-didomi.png
T-shirt de running respirant Homme - KIPRUN 100 Dry Bleu,KALENJI,4,https://www.decathlon.fr/p/t-shirt-running-homme-run-dry-jaune/_/R-p-165437?mc=8666011&c=bleu,Notre équipe de concepteurs a conçu ce t-shirt de running homme respirant afin de vous garder au sec par temps chaud pendant vos sorties course à pied.,4.7,23447,"bleu denim, noir fumé, blanc ultra, bleu cobalt",XS: Rupture | S: Rupture | M: Rupture | L: Rupture | XL: Rupture | 2XL: Rupture | 3XL: Rupture,https://sdk.privacy-center.org/sdk/97747f45a7b03994b051f5ddaca9abd6be6330be/modern/images/6aec35fa915164598d64-privacy-management-didomi.png
Tee shirt anti uv manches courtes homme - print gris,OLAIAN,9.99,https://www.decathlon.fr/p/tee-shirt-anti-uv-manches-courtes-homme-print-kaki/_/R-p-345406?mc=8798199&c=gris,Ce t-shirt anti UV adapté à la pratique du surf en eau chaude vous accompagnera aussi bien dans que hors de l'eau avec sa coupe ample et son imprimé,4.8,847,"gris fonce, noir, vert Kaki cendré",XS: En stock | S: En stock | M: En stock | L: En stock | XL: En stock | 2XL: En stock | 3XL: En stock,https://sdk.privacy-center.org/sdk/97747f45a7b03994b051f5ddaca9abd6be6330be/modern/images/6aec35fa915164598d64-privacy-management-didomi.png
Top polaire surf 900 Homme manches courtes - Noir,OLAIAN,14.99,https://www.decathlon.fr/p/top-polaire-surf-900-homme-manches-courtes-noir/_/R-p-356286?mc=8901222&c=noir,"Ce top en intérieur polaire est à utiliser seul ou sous une combinaison Néoprène, pour un confort thermique. Durée de session jusqu'a 3 heures.",Non disponible,Non disponible,Non disponible,XS: En stock | S: En stock | M: En stock | L: En stock | XL: En stock | 2XL: En stock,https://sdk.privacy-center.org/sdk/97747f45a7b03994b051f5ddaca9abd6be6330be/modern/images/6aec35fa915164598d64-privacy-management-didomi.png
T-shirt de running respirant Homme - KIPRUN Run 500 Dry + Graph Lin,KALENJI,8,https://www.decathlon.fr/p/t-shirt-de-running-respirant-homme-kiprun-run-500-dry-graph-lin/_/R-p-344047?mc=8841440&c=beige_blanc,"Nos concepteurs ont imaginé ce T-shirt de running homme, respirant et doux, pour rendre votre footing quotidien par temps chaud plus agréable et stylé.",4.6,60,Non disponible,S: En stock | M: En stock | L: En stock | XL: En stock | 2XL: En stock,https://sdk.privacy-center.org/sdk/97747f45a7b03994b051f5ddaca9abd6be6330be/modern/images/6aec35fa915164598d64-privacy-management-didomi.png
Tee shirt de surf manches longues UPF50+ Homme - 500 greyblue,OLAIAN,14.99,https://www.decathlon.fr/p/tee-shirt-anti-uv-manches-longues-homme-500-noir-bleu/_/R-p-332579?mc=8920410&c=bleu,Ce tee shirt anti UV est particulièrement adapté à la pratique du surf en eau chaude.,4.8,962,"bleu noir, noir fumé / indigo nuit / gris carbone, bleu / bleu ardoise / bleu noir",S: Rupture | M: Rupture | L: En stock | XL: Rupture | 2XL: En stock | 3XL: Rupture,https://sdk.privacy-center.org/sdk/97747f45a7b03994b051f5ddaca9abd6be6330be/modern/images/6aec35fa915164598d64-privacy-management-didomi.png
"T-shirt d'escalade résistant homme, Vertika greige",SIMOND,17.99,https://www.decathlon.fr/p/t-shirt-d-escalade-resistant-homme-vertika-greige/_/R-p-355728?mc=8891218,"Grâce à sa confection 100 % coton et sa coupe regular, ce t-shirt d’escalade homme combine douceur et liberté de mouvement.",Non disponible,Non disponible,Non disponible,S: En stock | M: En stock | L: En stock | XL: En stock | 2XL: En stock,https://sdk.privacy-center.org/sdk/97747f45a7b03994b051f5ddaca9abd6be6330be/modern/images/6aec35fa915164598d64-privacy-management-didomi.png
Tee shirt anti uv manches courtes Homme - 100 rouge,OLAIAN,9.99,https://www.decathlon.fr/p/tee-shirt-anti-uv-surf-top-100-manches-courtes-homme-bleu/_/R-p-164714?mc=8919064&c=rouge,"Ce tee shirt anti UV vous accompagne dans votre pratique du surf ou d'autres activités sportives en eau chaude, pour des sessions de moins d'une heure",4.7,1288,"rouge flamme, orange flamme fluo, vert armé, gris graphite",XS: En stock | S: En stock | M: En stock | L: En stock | XL: En stock | 2XL: En stock | 3XL: En stock,https://sdk.privacy-center.org/sdk/97747f45a7b03994b051f5ddaca9abd6be6330be/modern/images/6aec35fa915164598d64-privacy-management-didomi.png
T-shirt de running respirant Homme - KIPRUN Run 500 Dry Bleu foncé,KIPRUN,6.99,https://www.decathlon.fr/p/t-shirt-de-running-respirant-homme-kiprun-run-500-dry-blanc-casse/_/R-p-339765?mc=8861545&c=bleu,"L'entraînement s'intensifie ou vous gardez le rythme ? Ce t-shirt technique, à la coupe droite pour un style moderne sera à la hauteur de tous vos objectifs.",4.8,1141,"bleu noir, bleu denim, vert écume, vert délicat",S: Rupture | M: Rupture | L: Rupture | XL: En stock | 2XL: En stock,https://sdk.privacy-center.org/sdk/97747f45a7b03994b051f5ddaca9abd6be6330be/modern/images/6aec35fa915164598d64-privacy-management-didomi.png
T-shirt fitness manches longues slim coton col rond homme gris,DOMYOS,9.99,https://www.decathlon.fr/p/t-shirt-manches-longues-fitness-homme-100-noir/_/R-p-332877?mc=8644800&c=gris,Un basique du dressing. Difficile de faire mieux!,4.4,2201,"gris fonte, noir ultra, blanc ultra",S: En stock | M: En stock | L: En stock | XL: En stock | 2XL: En stock | 3XL: En stock | 4XL: En stock,https://sdk.privacy-center.org/sdk/97747f45a7b03994b051f5ddaca9abd6be6330be/modern/images/6aec35fa915164598d64-privacy-management-didomi.png
